{"cameraMode":{"drawMode":0,"name":"Shaded","section":"Shading Mode"},"sceneLighting":true,"audioPlay":false,"sceneViewState":{"showFog":true,"showMaterialUpdate":false,"showSkybox":true,"showFlares":true,"showImageEffects":true,"showParticleSystems":true},"in2DMode":false,"pivot":{"x":6.0267462730407719,"y":7.27279806137085,"z":5.935678482055664},"rotation":{"x":-0.5856518149375916,"y":0.015070371329784394,"z":-0.010892551392316819,"w":-0.8103480339050293},"size":10.0,"orthographic":false}